<?xml version="1.0"?>
<rss xmlns:iweb="http://www.apple.com/iweb" version="2.0">
  <channel>
    <title>News</title>
    <link>http://www.videomonkey.org/Video_Monkey/News</link>
    <description>This is where you can keep up to date on all the latest news about Video Monkey</description>
    <item>
      <title>Our Starting Point</title>
      <link>http://www.videomonkey.org/Video_Monkey/News/Entries/2008/11/8_Dan_gets_schooled.html</link>
      <guid isPermaLink="false">2a725f1a-f907-40cc-acca-9bb5eadd5815</guid>
      <pubDate>Sat, 8 Nov 2008 11:58:51 -0800</pubDate>
      <iweb:comment link="http://www.videomonkey.org/Video_Monkey/News/Entries/2008/11/8_Dan_gets_schooled.html#comment_layer" count="0" enabled="0"></iweb:comment>
    </item>
    <iweb:dateFormat>EEEE, MMMM d, yyyy</iweb:dateFormat>
    <iweb:baseURL>http://www.videomonkey.org/Video_Monkey/News</iweb:baseURL>
    <iweb:maximumSummaryItems>5</iweb:maximumSummaryItems>
  </channel>
</rss>
