<?xml version="1.0" encoding="UTF-8"?>
<rss xmlns:iweb="http://www.apple.com/iweb" version="2.0">
  <channel>
    <title>News</title>
    <link>http://www.videomonkey.org/Video_Monkey/News/News.html</link>
    <description>This is where you can keep up to date on all the latest news about Video Monkey</description>
    <generator>iWeb 2.0.4</generator>
    <image>
      <url>http://www.videomonkey.org/Video_Monkey/News/News_files/VideoMonkey.jpg</url>
      <title>News</title>
      <link>http://www.videomonkey.org/Video_Monkey/News/News.html</link>
    </image>
    <item>
      <title>Our Starting Point</title>
      <link>http://www.videomonkey.org/Video_Monkey/News/Entries/2008/11/8_Dan_gets_schooled.html</link>
      <guid isPermaLink="false">2a725f1a-f907-40cc-acca-9bb5eadd5815</guid>
      <pubDate>Sat, 8 Nov 2008 11:58:51 -0800</pubDate>
      <description>&lt;a href=&quot;http://www.videomonkey.org/Video_Monkey/News/Entries/2008/11/8_Dan_gets_schooled_files/FilmRedux.png&quot;&gt;&lt;img src=&quot;http://www.videomonkey.org/Video_Monkey/News/Media/FilmRedux.png&quot; style=&quot;float:left; padding-right:10px; padding-bottom:10px; width:160px; height:128px;&quot;/&gt;&lt;/a&gt;Here is a screenshot of FilmRedux, the codebase of Visual Hub, placed into open source by Tyler Loch. This will be the starting point of Video Monkey. The initial effort will be to start writing the Cocoa app (Film Redux is written in AppleScript). &lt;br/&gt;</description>
      <enclosure url="http://www.videomonkey.org/Video_Monkey/News/Entries/2008/11/8_Dan_gets_schooled_files/FilmRedux.png" length="53695" type="image/png"/>
    </item>
  </channel>
</rss>
