<?xml version="1.0"?>
<content collectionGUID="891F015B-9483-4FB0-A758-67967DD19798">
  <lastEdited clientType="local-build-20081108" date="2008-11-08 13:54:37 -0800"/>
  <textBox id="generic-header-attribute" dynamic="no" visible="yes">
    <richText>Video Monkey</richText>
  </textBox>
  <textBox id="generic-body-attributes" dynamic="no" visible="yes">
    <richText>Here is a screenshot of FilmRedux, the codebase of Visual Hub, placed into open source by Tyler Loch. This will be the starting point of Video Monkey. The initial effort will be to start writing the Cocoa app (Film Redux is written in AppleScript). &#xD;</richText>
  </textBox>
  <image id="generic-picture-attributes" dynamic="no" visible="yes" src="8_Dan_gets_schooled_files/shapeimage_2.png" left="0px" top="0px" width="408px" height="315px"/>
  <textBox id="generic-datefield-attributes" dynamic="no" visible="yes">
    <richText>&lt;b&gt;Saturday, November 8, 2008&lt;/b&gt;</richText>
  </textBox>
  <textBox id="generic-title-attributes" dynamic="no" visible="yes">
    <richText>Our Starting Point</richText>
  </textBox>
</content>
