<pkgref spec="1.12" uuid="D506AEF4-0FA0-44A1-8AE0-DBE41D06E343"><config><identifier>org.VideoMonkey.VideoMonkey.pkg</identifier><version>1</version><description></description><post-install type="none"/><requireAuthorization/><installFrom includeRoot="true">/Users/cmarrin/Projects/svn/videomonkey/trunk/build/Release/VideoMonkey.app</installFrom><installTo>/Applications</installTo><flags><followSymbolicLinks/></flags><packageStore type="internal"></packageStore><mod>parent</mod><mod>relocatable</mod><mod>requireAuthorization</mod><mod>identifier</mod></config><contents><file-list>01videomonkey-contents.xml</file-list><component id="org.videomonkey.VideoMonkey" path="/Users/cmarrin/Projects/svn/videomonkey/trunk/build/Release/VideoMonkey.app" version="0.1" isRelocatable="true"><locator-info><token title="pkmk-token-97"><search-rule><combo identifier="org.videomonkey.VideoMonkey" default-path="/Applications/VideoMonkey.app"/></search-rule></token></locator-info><component id="org.andymatuschak.Sparkle" path="/Users/cmarrin/Projects/svn/videomonkey/trunk/build/Release/VideoMonkey.app/Contents/Frameworks/Sparkle.framework" version="313"/></component><filter>/CVS$</filter><filter>/\.svn$</filter><filter>/\.cvsignore$</filter><filter>/\.cvspass$</filter><filter>/\.DS_Store$</filter></contents></pkgref>