<pkg-contents spec="1.12"><f n="VideoMonkey.app" o="root" g="admin" p="16893" pt="/Users/cmarrin/Projects/svn/videomonkey/trunk/build/Release/VideoMonkey.app" m="true" t="file"><f n="Contents" o="root" g="admin" p="16893"><f n="Frameworks" o="root" g="admin" p="16893"><f n="Sparkle.framework" o="root" g="admin" p="16893"><f n="Headers" o="root" g="admin" p="41469"><f n="SUAppcast.h" o="root" g="admin" p="33204"><mod>mode</mod></f><f n="SUAppcastItem.h" o="root" g="admin" p="33204"><mod>mode</mod></f><f n="SUUpdater.h" o="root" g="admin" p="33204"><mod>mode</mod></f><f n="SUVersionComparisonProtocol.h" o="root" g="admin" p="33204"><mod>mode</mod></f><f n="Sparkle.h" o="root" g="admin" p="33204"><mod>mode</mod></f><mod>mode</mod></f><f n="Resources" o="root" g="admin" p="41469"><f n="Info.plist" o="root" g="admin" p="33204"><mod>mode</mod></f><f n="License.txt" o="root" g="admin" p="33204"><mod>mode</mod></f><f n="SUModelTranslation.plist" o="root" g="admin" p="33204"><mod>mode</mod></f><f n="SUStatus.nib" o="root" g="admin" p="16893"><f n="classes.nib" o="root" g="admin" p="33204"><mod>mode</mod></f><f n="info.nib" o="root" g="admin" p="33204"><mod>mode</mod></f><f n="keyedobjects.nib" o="root" g="admin" p="33204"><mod>mode</mod></f><mod>mode</mod></f><f n="de.lproj" o="root" g="admin" p="16893"><f n="SUAutomaticUpdateAlert.nib" o="root" g="admin" p="16893"><f n="classes.nib" o="root" g="admin" p="33204"><mod>mode</mod></f><f n="info.nib" o="root" g="admin" p="33204"><mod>mode</mod></f><f n="keyedobjects.nib" o="root" g="admin" p="33204"><mod>mode</mod></f><mod>mode</mod></f><f n="SUUpdateAlert.nib" o="root" g="admin" p="16893"><f n="classes.nib" o="root" g="admin" p="33204"><mod>mode</mod></f><f n="info.nib" o="root" g="admin" p="33204"><mod>mode</mod></f><f n="keyedobjects.nib" o="root" g="admin" p="33204"><mod>mode</mod></f><mod>mode</mod></f><f n="SUUpdatePermissionPrompt.nib" o="root" g="admin" p="16893"><f n="classes.nib" o="root" g="admin" p="33204"><mod>mode</mod></f><f n="info.nib" o="root" g="admin" p="33204"><mod>mode</mod></f><f n="keyedobjects.nib" o="root" g="admin" p="33204"><mod>mode</mod></f><mod>mode</mod></f><f n="Sparkle.strings" o="root" g="admin" p="33204"><mod>mode</mod></f><mod>mode</mod></f><f n="en.lproj" o="root" g="admin" p="16893"><f n="SUAutomaticUpdateAlert.nib" o="root" g="admin" p="16893"><f n="classes.nib" o="root" g="admin" p="33204"><mod>mode</mod></f><f n="info.nib" o="root" g="admin" p="33204"><mod>mode</mod></f><f n="keyedobjects.nib" o="root" g="admin" p="33204"><mod>mode</mod></f><mod>mode</mod></f><f n="SUUpdateAlert.nib" o="root" g="admin" p="16893"><f n="classes.nib" o="root" g="admin" p="33204"><mod>mode</mod></f><f n="info.nib" o="root" g="admin" p="33204"><mod>mode</mod></f><f n="keyedobjects.nib" o="root" g="admin" p="33204"><mod>mode</mod></f><mod>mode</mod></f><f n="SUUpdatePermissionPrompt.nib" o="root" g="admin" p="16893"><f n="classes.nib" o="root" g="admin" p="33204"><mod>mode</mod></f><f n="info.nib" o="root" g="admin" p="33204"><mod>mode</mod></f><f n="keyedobjects.nib" o="root" g="admin" p="33204"><mod>mode</mod></f><mod>mode</mod></f><f n="Sparkle.strings" o="root" g="admin" p="33204"><mod>mode</mod></f><mod>mode</mod></f><f n="es.lproj" o="root" g="admin" p="16893"><f n="SUAutomaticUpdateAlert.nib" o="root" g="admin" p="16893"><f n="classes.nib" o="root" g="admin" p="33204"><mod>mode</mod></f><f n="info.nib" o="root" g="admin" p="33204"><mod>mode</mod></f><f n="keyedobjects.nib" o="root" g="admin" p="33204"><mod>mode</mod></f><mod>mode</mod></f><f n="SUUpdateAlert.nib" o="root" g="admin" p="16893"><f n="classes.nib" o="root" g="admin" p="33204"><mod>mode</mod></f><f n="info.nib" o="root" g="admin" p="33204"><mod>mode</mod></f><f n="keyedobjects.nib" o="root" g="admin" p="33204"><mod>mode</mod></f><mod>mode</mod></f><f n="SUUpdatePermissionPrompt.nib" o="root" g="admin" p="16893"><f n="classes.nib" o="root" g="admin" p="33204"><mod>mode</mod></f><f n="info.nib" o="root" g="admin" p="33204"><mod>mode</mod></f><f n="keyedobjects.nib" o="root" g="admin" p="33204"><mod>mode</mod></f><mod>mode</mod></f><f n="Sparkle.strings" o="root" g="admin" p="33204"><mod>mode</mod></f><mod>mode</mod></f><f n="fr.lproj" o="root" g="admin" p="16893"><f n="SUAutomaticUpdateAlert.nib" o="root" g="admin" p="16893"><f n="classes.nib" o="root" g="admin" p="33204"><mod>mode</mod></f><f n="info.nib" o="root" g="admin" p="33204"><mod>mode</mod></f><f n="keyedobjects.nib" o="root" g="admin" p="33204"><mod>mode</mod></f><mod>mode</mod></f><f n="SUUpdateAlert.nib" o="root" g="admin" p="16893"><f n="classes.nib" o="root" g="admin" p="33204"><mod>mode</mod></f><f n="info.nib" o="root" g="admin" p="33204"><mod>mode</mod></f><f n="keyedobjects.nib" o="root" g="admin" p="33204"><mod>mode</mod></f><mod>mode</mod></f><f n="SUUpdatePermissionPrompt.nib" o="root" g="admin" p="16893"><f n="classes.nib" o="root" g="admin" p="33204"><mod>mode</mod></f><f n="info.nib" o="root" g="admin" p="33204"><mod>mode</mod></f><f n="keyedobjects.nib" o="root" g="admin" p="33204"><mod>mode</mod></f><mod>mode</mod></f><f n="Sparkle.strings" o="root" g="admin" p="33204"><mod>mode</mod></f><f n="fr.lproj" o="root" g="admin" p="41396"><mod>mode</mod></f><mod>mode</mod></f><f n="fr_CA.lproj" o="root" g="admin" p="41396"><mod>mode</mod></f><f n="it.lproj" o="root" g="admin" p="16893"><f n="SUAutomaticUpdateAlert.nib" o="root" g="admin" p="16893"><f n="classes.nib" o="root" g="admin" p="33204"><mod>mode</mod></f><f n="info.nib" o="root" g="admin" p="33204"><mod>mode</mod></f><f n="keyedobjects.nib" o="root" g="admin" p="33204"><mod>mode</mod></f><mod>mode</mod></f><f n="SUUpdateAlert.nib" o="root" g="admin" p="16893"><f n="classes.nib" o="root" g="admin" p="33204"><mod>mode</mod></f><f n="info.nib" o="root" g="admin" p="33204"><mod>mode</mod></f><f n="keyedobjects.nib" o="root" g="admin" p="33204"><mod>mode</mod></f><mod>mode</mod></f><f n="SUUpdatePermissionPrompt.nib" o="root" g="admin" p="16893"><f n="classes.nib" o="root" g="admin" p="33204"><mod>mode</mod></f><f n="info.nib" o="root" g="admin" p="33204"><mod>mode</mod></f><f n="keyedobjects.nib" o="root" g="admin" p="33204"><mod>mode</mod></f><mod>mode</mod></f><f n="Sparkle.strings" o="root" g="admin" p="33204"><mod>mode</mod></f><mod>mode</mod></f><f n="nl.lproj" o="root" g="admin" p="16893"><f n="SUAutomaticUpdateAlert.nib" o="root" g="admin" p="16893"><f n="classes.nib" o="root" g="admin" p="33204"><mod>mode</mod></f><f n="info.nib" o="root" g="admin" p="33204"><mod>mode</mod></f><f n="keyedobjects.nib" o="root" g="admin" p="33204"><mod>mode</mod></f><mod>mode</mod></f><f n="SUUpdateAlert.nib" o="root" g="admin" p="16893"><f n="classes.nib" o="root" g="admin" p="33204"><mod>mode</mod></f><f n="info.nib" o="root" g="admin" p="33204"><mod>mode</mod></f><f n="keyedobjects.nib" o="root" g="admin" p="33204"><mod>mode</mod></f><mod>mode</mod></f><f n="SUUpdatePermissionPrompt.nib" o="root" g="admin" p="16893"><f n="classes.nib" o="root" g="admin" p="33204"><mod>mode</mod></f><f n="info.nib" o="root" g="admin" p="33204"><mod>mode</mod></f><f n="keyedobjects.nib" o="root" g="admin" p="33204"><mod>mode</mod></f><mod>mode</mod></f><f n="Sparkle.strings" o="root" g="admin" p="33204"><mod>mode</mod></f><mod>mode</mod></f><f n="relaunch" o="root" g="admin" p="33277"><mod>mode</mod></f><f n="ru.lproj" o="root" g="admin" p="16893"><f n="SUAutomaticUpdateAlert.nib" o="root" g="admin" p="16893"><f n="classes.nib" o="root" g="admin" p="33204"><mod>mode</mod></f><f n="info.nib" o="root" g="admin" p="33204"><mod>mode</mod></f><f n="keyedobjects.nib" o="root" g="admin" p="33204"><mod>mode</mod></f><mod>mode</mod></f><f n="SUUpdateAlert.nib" o="root" g="admin" p="16893"><f n="classes.nib" o="root" g="admin" p="33204"><mod>mode</mod></f><f n="info.nib" o="root" g="admin" p="33204"><mod>mode</mod></f><f n="keyedobjects.nib" o="root" g="admin" p="33204"><mod>mode</mod></f><mod>mode</mod></f><f n="SUUpdatePermissionPrompt.nib" o="root" g="admin" p="16893"><f n="classes.nib" o="root" g="admin" p="33204"><mod>mode</mod></f><f n="info.nib" o="root" g="admin" p="33204"><mod>mode</mod></f><f n="keyedobjects.nib" o="root" g="admin" p="33204"><mod>mode</mod></f><mod>mode</mod></f><f n="Sparkle.strings" o="root" g="admin" p="33204"><mod>mode</mod></f><mod>mode</mod></f><f n="sv.lproj" o="root" g="admin" p="16893"><f n="SUAutomaticUpdateAlert.nib" o="root" g="admin" p="16893"><f n="classes.nib" o="root" g="admin" p="33204"><mod>mode</mod></f><f n="info.nib" o="root" g="admin" p="33204"><mod>mode</mod></f><f n="keyedobjects.nib" o="root" g="admin" p="33204"><mod>mode</mod></f><mod>mode</mod></f><f n="SUUpdateAlert.nib" o="root" g="admin" p="16893"><f n="classes.nib" o="root" g="admin" p="33204"><mod>mode</mod></f><f n="info.nib" o="root" g="admin" p="33204"><mod>mode</mod></f><f n="keyedobjects.nib" o="root" g="admin" p="33204"><mod>mode</mod></f><mod>mode</mod></f><f n="SUUpdatePermissionPrompt.nib" o="root" g="admin" p="16893"><f n="classes.nib" o="root" g="admin" p="33204"><mod>mode</mod></f><f n="info.nib" o="root" g="admin" p="33204"><mod>mode</mod></f><f n="keyedobjects.nib" o="root" g="admin" p="33204"><mod>mode</mod></f><mod>mode</mod></f><f n="Sparkle.strings" o="root" g="admin" p="33204"><mod>mode</mod></f><mod>mode</mod></f><mod>mode</mod></f><f n="Sparkle" o="root" g="admin" p="41469"><mod>mode</mod></f><f n="Versions" o="root" g="admin" p="16893"><f n="A" o="root" g="admin" p="16893"><f n="Headers" o="root" g="admin" p="16893"><f n="SUAppcast.h" o="root" g="admin" p="33204"><mod>mode</mod></f><f n="SUAppcastItem.h" o="root" g="admin" p="33204"><mod>mode</mod></f><f n="SUUpdater.h" o="root" g="admin" p="33204"><mod>mode</mod></f><f n="SUVersionComparisonProtocol.h" o="root" g="admin" p="33204"><mod>mode</mod></f><f n="Sparkle.h" o="root" g="admin" p="33204"><mod>mode</mod></f><mod>mode</mod></f><f n="Resources" o="root" g="admin" p="16893"><f n="Info.plist" o="root" g="admin" p="33204"><mod>mode</mod></f><f n="License.txt" o="root" g="admin" p="33204"><mod>mode</mod></f><f n="SUModelTranslation.plist" o="root" g="admin" p="33204"><mod>mode</mod></f><f n="SUStatus.nib" o="root" g="admin" p="16893"><f n="classes.nib" o="root" g="admin" p="33204"><mod>mode</mod></f><f n="info.nib" o="root" g="admin" p="33204"><mod>mode</mod></f><f n="keyedobjects.nib" o="root" g="admin" p="33204"><mod>mode</mod></f><mod>mode</mod></f><f n="de.lproj" o="root" g="admin" p="16893"><f n="SUAutomaticUpdateAlert.nib" o="root" g="admin" p="16893"><f n="classes.nib" o="root" g="admin" p="33204"><mod>mode</mod></f><f n="info.nib" o="root" g="admin" p="33204"><mod>mode</mod></f><f n="keyedobjects.nib" o="root" g="admin" p="33204"><mod>mode</mod></f><mod>mode</mod></f><f n="SUUpdateAlert.nib" o="root" g="admin" p="16893"><f n="classes.nib" o="root" g="admin" p="33204"><mod>mode</mod></f><f n="info.nib" o="root" g="admin" p="33204"><mod>mode</mod></f><f n="keyedobjects.nib" o="root" g="admin" p="33204"><mod>mode</mod></f><mod>mode</mod></f><f n="SUUpdatePermissionPrompt.nib" o="root" g="admin" p="16893"><f n="classes.nib" o="root" g="admin" p="33204"><mod>mode</mod></f><f n="info.nib" o="root" g="admin" p="33204"><mod>mode</mod></f><f n="keyedobjects.nib" o="root" g="admin" p="33204"><mod>mode</mod></f><mod>mode</mod></f><f n="Sparkle.strings" o="root" g="admin" p="33204"><mod>mode</mod></f><mod>mode</mod></f><f n="en.lproj" o="root" g="admin" p="16893"><f n="SUAutomaticUpdateAlert.nib" o="root" g="admin" p="16893"><f n="classes.nib" o="root" g="admin" p="33204"><mod>mode</mod></f><f n="info.nib" o="root" g="admin" p="33204"><mod>mode</mod></f><f n="keyedobjects.nib" o="root" g="admin" p="33204"><mod>mode</mod></f><mod>mode</mod></f><f n="SUUpdateAlert.nib" o="root" g="admin" p="16893"><f n="classes.nib" o="root" g="admin" p="33204"><mod>mode</mod></f><f n="info.nib" o="root" g="admin" p="33204"><mod>mode</mod></f><f n="keyedobjects.nib" o="root" g="admin" p="33204"><mod>mode</mod></f><mod>mode</mod></f><f n="SUUpdatePermissionPrompt.nib" o="root" g="admin" p="16893"><f n="classes.nib" o="root" g="admin" p="33204"><mod>mode</mod></f><f n="info.nib" o="root" g="admin" p="33204"><mod>mode</mod></f><f n="keyedobjects.nib" o="root" g="admin" p="33204"><mod>mode</mod></f><mod>mode</mod></f><f n="Sparkle.strings" o="root" g="admin" p="33204"><mod>mode</mod></f><mod>mode</mod></f><f n="es.lproj" o="root" g="admin" p="16893"><f n="SUAutomaticUpdateAlert.nib" o="root" g="admin" p="16893"><f n="classes.nib" o="root" g="admin" p="33204"><mod>mode</mod></f><f n="info.nib" o="root" g="admin" p="33204"><mod>mode</mod></f><f n="keyedobjects.nib" o="root" g="admin" p="33204"><mod>mode</mod></f><mod>mode</mod></f><f n="SUUpdateAlert.nib" o="root" g="admin" p="16893"><f n="classes.nib" o="root" g="admin" p="33204"><mod>mode</mod></f><f n="info.nib" o="root" g="admin" p="33204"><mod>mode</mod></f><f n="keyedobjects.nib" o="root" g="admin" p="33204"><mod>mode</mod></f><mod>mode</mod></f><f n="SUUpdatePermissionPrompt.nib" o="root" g="admin" p="16893"><f n="classes.nib" o="root" g="admin" p="33204"><mod>mode</mod></f><f n="info.nib" o="root" g="admin" p="33204"><mod>mode</mod></f><f n="keyedobjects.nib" o="root" g="admin" p="33204"><mod>mode</mod></f><mod>mode</mod></f><f n="Sparkle.strings" o="root" g="admin" p="33204"><mod>mode</mod></f><mod>mode</mod></f><f n="fr.lproj" o="root" g="admin" p="16893"><f n="SUAutomaticUpdateAlert.nib" o="root" g="admin" p="16893"><f n="classes.nib" o="root" g="admin" p="33204"><mod>mode</mod></f><f n="info.nib" o="root" g="admin" p="33204"><mod>mode</mod></f><f n="keyedobjects.nib" o="root" g="admin" p="33204"><mod>mode</mod></f><mod>mode</mod></f><f n="SUUpdateAlert.nib" o="root" g="admin" p="16893"><f n="classes.nib" o="root" g="admin" p="33204"><mod>mode</mod></f><f n="info.nib" o="root" g="admin" p="33204"><mod>mode</mod></f><f n="keyedobjects.nib" o="root" g="admin" p="33204"><mod>mode</mod></f><mod>mode</mod></f><f n="SUUpdatePermissionPrompt.nib" o="root" g="admin" p="16893"><f n="classes.nib" o="root" g="admin" p="33204"><mod>mode</mod></f><f n="info.nib" o="root" g="admin" p="33204"><mod>mode</mod></f><f n="keyedobjects.nib" o="root" g="admin" p="33204"><mod>mode</mod></f><mod>mode</mod></f><f n="Sparkle.strings" o="root" g="admin" p="33204"><mod>mode</mod></f><f n="fr.lproj" o="root" g="admin" p="41396"><mod>mode</mod></f><mod>mode</mod></f><f n="fr_CA.lproj" o="root" g="admin" p="41396"><mod>mode</mod></f><f n="it.lproj" o="root" g="admin" p="16893"><f n="SUAutomaticUpdateAlert.nib" o="root" g="admin" p="16893"><f n="classes.nib" o="root" g="admin" p="33204"><mod>mode</mod></f><f n="info.nib" o="root" g="admin" p="33204"><mod>mode</mod></f><f n="keyedobjects.nib" o="root" g="admin" p="33204"><mod>mode</mod></f><mod>mode</mod></f><f n="SUUpdateAlert.nib" o="root" g="admin" p="16893"><f n="classes.nib" o="root" g="admin" p="33204"><mod>mode</mod></f><f n="info.nib" o="root" g="admin" p="33204"><mod>mode</mod></f><f n="keyedobjects.nib" o="root" g="admin" p="33204"><mod>mode</mod></f><mod>mode</mod></f><f n="SUUpdatePermissionPrompt.nib" o="root" g="admin" p="16893"><f n="classes.nib" o="root" g="admin" p="33204"><mod>mode</mod></f><f n="info.nib" o="root" g="admin" p="33204"><mod>mode</mod></f><f n="keyedobjects.nib" o="root" g="admin" p="33204"><mod>mode</mod></f><mod>mode</mod></f><f n="Sparkle.strings" o="root" g="admin" p="33204"><mod>mode</mod></f><mod>mode</mod></f><f n="nl.lproj" o="root" g="admin" p="16893"><f n="SUAutomaticUpdateAlert.nib" o="root" g="admin" p="16893"><f n="classes.nib" o="root" g="admin" p="33204"><mod>mode</mod></f><f n="info.nib" o="root" g="admin" p="33204"><mod>mode</mod></f><f n="keyedobjects.nib" o="root" g="admin" p="33204"><mod>mode</mod></f><mod>mode</mod></f><f n="SUUpdateAlert.nib" o="root" g="admin" p="16893"><f n="classes.nib" o="root" g="admin" p="33204"><mod>mode</mod></f><f n="info.nib" o="root" g="admin" p="33204"><mod>mode</mod></f><f n="keyedobjects.nib" o="root" g="admin" p="33204"><mod>mode</mod></f><mod>mode</mod></f><f n="SUUpdatePermissionPrompt.nib" o="root" g="admin" p="16893"><f n="classes.nib" o="root" g="admin" p="33204"><mod>mode</mod></f><f n="info.nib" o="root" g="admin" p="33204"><mod>mode</mod></f><f n="keyedobjects.nib" o="root" g="admin" p="33204"><mod>mode</mod></f><mod>mode</mod></f><f n="Sparkle.strings" o="root" g="admin" p="33204"><mod>mode</mod></f><mod>mode</mod></f><f n="relaunch" o="root" g="admin" p="33277"><mod>mode</mod></f><f n="ru.lproj" o="root" g="admin" p="16893"><f n="SUAutomaticUpdateAlert.nib" o="root" g="admin" p="16893"><f n="classes.nib" o="root" g="admin" p="33204"><mod>mode</mod></f><f n="info.nib" o="root" g="admin" p="33204"><mod>mode</mod></f><f n="keyedobjects.nib" o="root" g="admin" p="33204"><mod>mode</mod></f><mod>mode</mod></f><f n="SUUpdateAlert.nib" o="root" g="admin" p="16893"><f n="classes.nib" o="root" g="admin" p="33204"><mod>mode</mod></f><f n="info.nib" o="root" g="admin" p="33204"><mod>mode</mod></f><f n="keyedobjects.nib" o="root" g="admin" p="33204"><mod>mode</mod></f><mod>mode</mod></f><f n="SUUpdatePermissionPrompt.nib" o="root" g="admin" p="16893"><f n="classes.nib" o="root" g="admin" p="33204"><mod>mode</mod></f><f n="info.nib" o="root" g="admin" p="33204"><mod>mode</mod></f><f n="keyedobjects.nib" o="root" g="admin" p="33204"><mod>mode</mod></f><mod>mode</mod></f><f n="Sparkle.strings" o="root" g="admin" p="33204"><mod>mode</mod></f><mod>mode</mod></f><f n="sv.lproj" o="root" g="admin" p="16893"><f n="SUAutomaticUpdateAlert.nib" o="root" g="admin" p="16893"><f n="classes.nib" o="root" g="admin" p="33204"><mod>mode</mod></f><f n="info.nib" o="root" g="admin" p="33204"><mod>mode</mod></f><f n="keyedobjects.nib" o="root" g="admin" p="33204"><mod>mode</mod></f><mod>mode</mod></f><f n="SUUpdateAlert.nib" o="root" g="admin" p="16893"><f n="classes.nib" o="root" g="admin" p="33204"><mod>mode</mod></f><f n="info.nib" o="root" g="admin" p="33204"><mod>mode</mod></f><f n="keyedobjects.nib" o="root" g="admin" p="33204"><mod>mode</mod></f><mod>mode</mod></f><f n="SUUpdatePermissionPrompt.nib" o="root" g="admin" p="16893"><f n="classes.nib" o="root" g="admin" p="33204"><mod>mode</mod></f><f n="info.nib" o="root" g="admin" p="33204"><mod>mode</mod></f><f n="keyedobjects.nib" o="root" g="admin" p="33204"><mod>mode</mod></f><mod>mode</mod></f><f n="Sparkle.strings" o="root" g="admin" p="33204"><mod>mode</mod></f><mod>mode</mod></f><mod>mode</mod></f><f n="Sparkle" o="root" g="admin" p="33277"><mod>mode</mod></f><mod>mode</mod></f><f n="Current" o="root" g="admin" p="41469"><f n="Headers" o="root" g="admin" p="16893"><f n="SUAppcast.h" o="root" g="admin" p="33204"><mod>mode</mod></f><f n="SUAppcastItem.h" o="root" g="admin" p="33204"><mod>mode</mod></f><f n="SUUpdater.h" o="root" g="admin" p="33204"><mod>mode</mod></f><f n="SUVersionComparisonProtocol.h" o="root" g="admin" p="33204"><mod>mode</mod></f><f n="Sparkle.h" o="root" g="admin" p="33204"><mod>mode</mod></f><mod>mode</mod></f><f n="Resources" o="root" g="admin" p="16893"><f n="Info.plist" o="root" g="admin" p="33204"><mod>mode</mod></f><f n="License.txt" o="root" g="admin" p="33204"><mod>mode</mod></f><f n="SUModelTranslation.plist" o="root" g="admin" p="33204"><mod>mode</mod></f><f n="SUStatus.nib" o="root" g="admin" p="16893"><f n="classes.nib" o="root" g="admin" p="33204"><mod>mode</mod></f><f n="info.nib" o="root" g="admin" p="33204"><mod>mode</mod></f><f n="keyedobjects.nib" o="root" g="admin" p="33204"><mod>mode</mod></f><mod>mode</mod></f><f n="de.lproj" o="root" g="admin" p="16893"><f n="SUAutomaticUpdateAlert.nib" o="root" g="admin" p="16893"><f n="classes.nib" o="root" g="admin" p="33204"><mod>mode</mod></f><f n="info.nib" o="root" g="admin" p="33204"><mod>mode</mod></f><f n="keyedobjects.nib" o="root" g="admin" p="33204"><mod>mode</mod></f><mod>mode</mod></f><f n="SUUpdateAlert.nib" o="root" g="admin" p="16893"><f n="classes.nib" o="root" g="admin" p="33204"><mod>mode</mod></f><f n="info.nib" o="root" g="admin" p="33204"><mod>mode</mod></f><f n="keyedobjects.nib" o="root" g="admin" p="33204"><mod>mode</mod></f><mod>mode</mod></f><f n="SUUpdatePermissionPrompt.nib" o="root" g="admin" p="16893"><f n="classes.nib" o="root" g="admin" p="33204"><mod>mode</mod></f><f n="info.nib" o="root" g="admin" p="33204"><mod>mode</mod></f><f n="keyedobjects.nib" o="root" g="admin" p="33204"><mod>mode</mod></f><mod>mode</mod></f><f n="Sparkle.strings" o="root" g="admin" p="33204"><mod>mode</mod></f><mod>mode</mod></f><f n="en.lproj" o="root" g="admin" p="16893"><f n="SUAutomaticUpdateAlert.nib" o="root" g="admin" p="16893"><f n="classes.nib" o="root" g="admin" p="33204"><mod>mode</mod></f><f n="info.nib" o="root" g="admin" p="33204"><mod>mode</mod></f><f n="keyedobjects.nib" o="root" g="admin" p="33204"><mod>mode</mod></f><mod>mode</mod></f><f n="SUUpdateAlert.nib" o="root" g="admin" p="16893"><f n="classes.nib" o="root" g="admin" p="33204"><mod>mode</mod></f><f n="info.nib" o="root" g="admin" p="33204"><mod>mode</mod></f><f n="keyedobjects.nib" o="root" g="admin" p="33204"><mod>mode</mod></f><mod>mode</mod></f><f n="SUUpdatePermissionPrompt.nib" o="root" g="admin" p="16893"><f n="classes.nib" o="root" g="admin" p="33204"><mod>mode</mod></f><f n="info.nib" o="root" g="admin" p="33204"><mod>mode</mod></f><f n="keyedobjects.nib" o="root" g="admin" p="33204"><mod>mode</mod></f><mod>mode</mod></f><f n="Sparkle.strings" o="root" g="admin" p="33204"><mod>mode</mod></f><mod>mode</mod></f><f n="es.lproj" o="root" g="admin" p="16893"><f n="SUAutomaticUpdateAlert.nib" o="root" g="admin" p="16893"><f n="classes.nib" o="root" g="admin" p="33204"><mod>mode</mod></f><f n="info.nib" o="root" g="admin" p="33204"><mod>mode</mod></f><f n="keyedobjects.nib" o="root" g="admin" p="33204"><mod>mode</mod></f><mod>mode</mod></f><f n="SUUpdateAlert.nib" o="root" g="admin" p="16893"><f n="classes.nib" o="root" g="admin" p="33204"><mod>mode</mod></f><f n="info.nib" o="root" g="admin" p="33204"><mod>mode</mod></f><f n="keyedobjects.nib" o="root" g="admin" p="33204"><mod>mode</mod></f><mod>mode</mod></f><f n="SUUpdatePermissionPrompt.nib" o="root" g="admin" p="16893"><f n="classes.nib" o="root" g="admin" p="33204"><mod>mode</mod></f><f n="info.nib" o="root" g="admin" p="33204"><mod>mode</mod></f><f n="keyedobjects.nib" o="root" g="admin" p="33204"><mod>mode</mod></f><mod>mode</mod></f><f n="Sparkle.strings" o="root" g="admin" p="33204"><mod>mode</mod></f><mod>mode</mod></f><f n="fr.lproj" o="root" g="admin" p="16893"><f n="SUAutomaticUpdateAlert.nib" o="root" g="admin" p="16893"><f n="classes.nib" o="root" g="admin" p="33204"><mod>mode</mod></f><f n="info.nib" o="root" g="admin" p="33204"><mod>mode</mod></f><f n="keyedobjects.nib" o="root" g="admin" p="33204"><mod>mode</mod></f><mod>mode</mod></f><f n="SUUpdateAlert.nib" o="root" g="admin" p="16893"><f n="classes.nib" o="root" g="admin" p="33204"><mod>mode</mod></f><f n="info.nib" o="root" g="admin" p="33204"><mod>mode</mod></f><f n="keyedobjects.nib" o="root" g="admin" p="33204"><mod>mode</mod></f><mod>mode</mod></f><f n="SUUpdatePermissionPrompt.nib" o="root" g="admin" p="16893"><f n="classes.nib" o="root" g="admin" p="33204"><mod>mode</mod></f><f n="info.nib" o="root" g="admin" p="33204"><mod>mode</mod></f><f n="keyedobjects.nib" o="root" g="admin" p="33204"><mod>mode</mod></f><mod>mode</mod></f><f n="Sparkle.strings" o="root" g="admin" p="33204"><mod>mode</mod></f><f n="fr.lproj" o="root" g="admin" p="41396"><mod>mode</mod></f><mod>mode</mod></f><f n="fr_CA.lproj" o="root" g="admin" p="41396"><mod>mode</mod></f><f n="it.lproj" o="root" g="admin" p="16893"><f n="SUAutomaticUpdateAlert.nib" o="root" g="admin" p="16893"><f n="classes.nib" o="root" g="admin" p="33204"><mod>mode</mod></f><f n="info.nib" o="root" g="admin" p="33204"><mod>mode</mod></f><f n="keyedobjects.nib" o="root" g="admin" p="33204"><mod>mode</mod></f><mod>mode</mod></f><f n="SUUpdateAlert.nib" o="root" g="admin" p="16893"><f n="classes.nib" o="root" g="admin" p="33204"><mod>mode</mod></f><f n="info.nib" o="root" g="admin" p="33204"><mod>mode</mod></f><f n="keyedobjects.nib" o="root" g="admin" p="33204"><mod>mode</mod></f><mod>mode</mod></f><f n="SUUpdatePermissionPrompt.nib" o="root" g="admin" p="16893"><f n="classes.nib" o="root" g="admin" p="33204"><mod>mode</mod></f><f n="info.nib" o="root" g="admin" p="33204"><mod>mode</mod></f><f n="keyedobjects.nib" o="root" g="admin" p="33204"><mod>mode</mod></f><mod>mode</mod></f><f n="Sparkle.strings" o="root" g="admin" p="33204"><mod>mode</mod></f><mod>mode</mod></f><f n="nl.lproj" o="root" g="admin" p="16893"><f n="SUAutomaticUpdateAlert.nib" o="root" g="admin" p="16893"><f n="classes.nib" o="root" g="admin" p="33204"><mod>mode</mod></f><f n="info.nib" o="root" g="admin" p="33204"><mod>mode</mod></f><f n="keyedobjects.nib" o="root" g="admin" p="33204"><mod>mode</mod></f><mod>mode</mod></f><f n="SUUpdateAlert.nib" o="root" g="admin" p="16893"><f n="classes.nib" o="root" g="admin" p="33204"><mod>mode</mod></f><f n="info.nib" o="root" g="admin" p="33204"><mod>mode</mod></f><f n="keyedobjects.nib" o="root" g="admin" p="33204"><mod>mode</mod></f><mod>mode</mod></f><f n="SUUpdatePermissionPrompt.nib" o="root" g="admin" p="16893"><f n="classes.nib" o="root" g="admin" p="33204"><mod>mode</mod></f><f n="info.nib" o="root" g="admin" p="33204"><mod>mode</mod></f><f n="keyedobjects.nib" o="root" g="admin" p="33204"><mod>mode</mod></f><mod>mode</mod></f><f n="Sparkle.strings" o="root" g="admin" p="33204"><mod>mode</mod></f><mod>mode</mod></f><f n="relaunch" o="root" g="admin" p="33277"><mod>mode</mod></f><f n="ru.lproj" o="root" g="admin" p="16893"><f n="SUAutomaticUpdateAlert.nib" o="root" g="admin" p="16893"><f n="classes.nib" o="root" g="admin" p="33204"><mod>mode</mod></f><f n="info.nib" o="root" g="admin" p="33204"><mod>mode</mod></f><f n="keyedobjects.nib" o="root" g="admin" p="33204"><mod>mode</mod></f><mod>mode</mod></f><f n="SUUpdateAlert.nib" o="root" g="admin" p="16893"><f n="classes.nib" o="root" g="admin" p="33204"><mod>mode</mod></f><f n="info.nib" o="root" g="admin" p="33204"><mod>mode</mod></f><f n="keyedobjects.nib" o="root" g="admin" p="33204"><mod>mode</mod></f><mod>mode</mod></f><f n="SUUpdatePermissionPrompt.nib" o="root" g="admin" p="16893"><f n="classes.nib" o="root" g="admin" p="33204"><mod>mode</mod></f><f n="info.nib" o="root" g="admin" p="33204"><mod>mode</mod></f><f n="keyedobjects.nib" o="root" g="admin" p="33204"><mod>mode</mod></f><mod>mode</mod></f><f n="Sparkle.strings" o="root" g="admin" p="33204"><mod>mode</mod></f><mod>mode</mod></f><f n="sv.lproj" o="root" g="admin" p="16893"><f n="SUAutomaticUpdateAlert.nib" o="root" g="admin" p="16893"><f n="classes.nib" o="root" g="admin" p="33204"><mod>mode</mod></f><f n="info.nib" o="root" g="admin" p="33204"><mod>mode</mod></f><f n="keyedobjects.nib" o="root" g="admin" p="33204"><mod>mode</mod></f><mod>mode</mod></f><f n="SUUpdateAlert.nib" o="root" g="admin" p="16893"><f n="classes.nib" o="root" g="admin" p="33204"><mod>mode</mod></f><f n="info.nib" o="root" g="admin" p="33204"><mod>mode</mod></f><f n="keyedobjects.nib" o="root" g="admin" p="33204"><mod>mode</mod></f><mod>mode</mod></f><f n="SUUpdatePermissionPrompt.nib" o="root" g="admin" p="16893"><f n="classes.nib" o="root" g="admin" p="33204"><mod>mode</mod></f><f n="info.nib" o="root" g="admin" p="33204"><mod>mode</mod></f><f n="keyedobjects.nib" o="root" g="admin" p="33204"><mod>mode</mod></f><mod>mode</mod></f><f n="Sparkle.strings" o="root" g="admin" p="33204"><mod>mode</mod></f><mod>mode</mod></f><mod>mode</mod></f><f n="Sparkle" o="root" g="admin" p="33277"><mod>mode</mod></f><mod>mode</mod></f><mod>mode</mod></f><mod>mode</mod></f><mod>mode</mod></f><f n="Info.plist" o="root" g="admin" p="33204"><mod>mode</mod></f><f n="MacOS" o="root" g="admin" p="16893"><f n="VideoMonkey" o="root" g="admin" p="33277"><mod>mode</mod></f><mod>mode</mod></f><f n="PkgInfo" o="root" g="admin" p="33204"><mod>mode</mod></f><f n="Resources" o="root" g="admin" p="16893"><f n="3g.png" o="root" g="admin" p="33277"><mod>mode</mod></f><f n="Console.png" o="root" g="admin" p="33204"><mod>mode</mod></f><f n="EncodeWorking0.png" o="root" g="admin" p="33204"><mod>mode</mod></f><f n="EncodeWorking1.png" o="root" g="admin" p="33204"><mod>mode</mod></f><f n="EncodeWorking2.png" o="root" g="admin" p="33204"><mod>mode</mod></f><f n="EncodeWorking3.png" o="root" g="admin" p="33204"><mod>mode</mod></f><f n="EncodeWorking4.png" o="root" g="admin" p="33204"><mod>mode</mod></f><f n="EncodeWorking5.png" o="root" g="admin" p="33204"><mod>mode</mod></f><f n="English.lproj" o="root" g="admin" p="16893"><f n="InfoPlist.strings" o="root" g="admin" p="33204"><mod>mode</mod></f><f n="MainMenu.nib" o="root" g="admin" p="16893"><f n="designable.nib" o="root" g="admin" p="33204"><mod>mode</mod></f><f n="keyedobjects.nib" o="root" g="admin" p="33204"><mod>mode</mod></f><mod>mode</mod></f><mod>mode</mod></f><f n="GenericDocumentIcon.icns" o="root" g="admin" p="33277"><mod>mode</mod></f><f n="Pause.tiff" o="root" g="admin" p="33204"><mod>mode</mod></f><f n="Play.tiff" o="root" g="admin" p="33204"><mod>mode</mod></f><f n="Stop.tiff" o="root" g="admin" p="33204"><mod>mode</mod></f><f n="VideoMonkey.icns" o="root" g="admin" p="33204"><mod>mode</mod></f><f n="aac.png" o="root" g="admin" p="33277"><mod>mode</mod></f><f n="add.icns" o="root" g="admin" p="33277"><mod>mode</mod></f><f n="advanced.tiff" o="root" g="admin" p="33277"><mod>mode</mod></f><f n="aiff.png" o="root" g="admin" p="33277"><mod>mode</mod></f><f n="appletv.png" o="root" g="admin" p="33204"><mod>mode</mod></f><f n="bin" o="root" g="admin" p="16893"><f n="AtomicParsley" o="root" g="admin" p="33277"><mod>mode</mod></f><f n="ffmpeg" o="root" g="admin" p="33277"><mod>mode</mod></f><f n="mediainfo" o="root" g="admin" p="33277"><mod>mode</mod></f><f n="mencoder" o="root" g="admin" p="33277"><mod>mode</mod></f><f n="movtoy4m" o="root" g="admin" p="33277"><mod>mode</mod></f><f n="normalize" o="root" g="admin" p="33277"><mod>mode</mod></f><f n="qt_export" o="root" g="admin" p="33277"><mod>mode</mod></f><f n="toyuv" o="root" g="admin" p="33277"><mod>mode</mod></f><f n="yuvadjust" o="root" g="admin" p="33277"><mod>mode</mod></f><f n="yuvcorrect" o="root" g="admin" p="33277"><mod>mode</mod></f><mod>mode</mod></f><f n="burn.icns" o="root" g="admin" p="33277"><mod>mode</mod></f><f n="burntbottom.png" o="root" g="admin" p="33277"><mod>mode</mod></f><f n="cd.icns" o="root" g="admin" p="33277"><mod>mode</mod></f><f n="cd.png" o="root" g="admin" p="33277"><mod>mode</mod></f><f n="clearall.tiff" o="root" g="admin" p="33277"><mod>mode</mod></f><f n="commands.plist" o="root" g="admin" p="33204"><mod>mode</mod></f><f n="commands.xml" o="root" g="admin" p="33204"><mod>mode</mod></f><f n="converting.png" o="root" g="admin" p="33277"><mod>mode</mod></f><f n="delete.icns" o="root" g="admin" p="33277"><mod>mode</mod></f><f n="dsa_pub.pem" o="root" g="admin" p="33204"><mod>mode</mod></f><f n="dv.png" o="root" g="admin" p="33204"><mod>mode</mod></f><f n="dvd.png" o="root" g="admin" p="33277"><mod>mode</mod></f><f n="error.png" o="root" g="admin" p="33277"><mod>mode</mod></f><f n="ffpresets" o="root" g="admin" p="16893"><f n="default.ffpreset" o="root" g="admin" p="33204"><mod>mode</mod></f><f n="fastest.ffpreset" o="root" g="admin" p="33204"><mod>mode</mod></f><f n="hq-pass1.ffpreset" o="root" g="admin" p="33204"><mod>mode</mod></f><f n="hq.ffpreset" o="root" g="admin" p="33204"><mod>mode</mod></f><f n="libx264-default.ffpreset" o="root" g="admin" p="33204"><mod>mode</mod></f><f n="libx264-fastest.ffpreset" o="root" g="admin" p="33204"><mod>mode</mod></f><f n="libx264-hq-pass1.ffpreset" o="root" g="admin" p="33204"><mod>mode</mod></f><f n="libx264-hq.ffpreset" o="root" g="admin" p="33204"><mod>mode</mod></f><f n="libx264-normal-pass1.ffpreset" o="root" g="admin" p="33204"><mod>mode</mod></f><f n="libx264-normal.ffpreset" o="root" g="admin" p="33204"><mod>mode</mod></f><f n="normal-pass1.ffpreset" o="root" g="admin" p="33204"><mod>mode</mod></f><f n="normal.ffpreset" o="root" g="admin" p="33204"><mod>mode</mod></f><mod>mode</mod></f><f n="file.png" o="root" g="admin" p="33277"><mod>mode</mod></f><f n="flac.png" o="root" g="admin" p="33277"><mod>mode</mod></f><f n="flash.png" o="root" g="admin" p="33204"><mod>mode</mod></f><f n="grayback.png" o="root" g="admin" p="33277"><mod>mode</mod></f><f n="info.tiff" o="root" g="admin" p="33277"><mod>mode</mod></f><f n="invalid.png" o="root" g="admin" p="33204"><mod>mode</mod></f><f n="iphone.png" o="root" g="admin" p="33204"><mod>mode</mod></f><f n="ipod.png" o="root" g="admin" p="33204"><mod>mode</mod></f><f n="itunesfile.png" o="root" g="admin" p="33277"><mod>mode</mod></f><f n="mediainfo-inform.csv" o="root" g="admin" p="33204"><mod>mode</mod></f><f n="mp3.png" o="root" g="admin" p="33277"><mod>mode</mod></f><f n="nano.png" o="root" g="admin" p="33204"><mod>mode</mod></f><f n="ogg.png" o="root" g="admin" p="33277"><mod>mode</mod></f><f n="ok.png" o="root" g="admin" p="33277"><mod>mode</mod></f><f n="prefs.icns" o="root" g="admin" p="33277"><mod>mode</mod></f><f n="preview.tiff" o="root" g="admin" p="33277"><mod>mode</mod></f><f n="ps3.png" o="root" g="admin" p="33204"><mod>mode</mod></f><f n="psp.png" o="root" g="admin" p="33204"><mod>mode</mod></f><f n="ready.png" o="root" g="admin" p="33277"><mod>mode</mod></f><f n="readyunknown.png" o="root" g="admin" p="33277"><mod>mode</mod></f><f n="selectbar.png" o="root" g="admin" p="33277"><mod>mode</mod></f><f n="sofar0.png" o="root" g="admin" p="33204"><mod>mode</mod></f><f n="sofar1.png" o="root" g="admin" p="33204"><mod>mode</mod></f><f n="sofar2.png" o="root" g="admin" p="33204"><mod>mode</mod></f><f n="sofar3.png" o="root" g="admin" p="33204"><mod>mode</mod></f><f n="sofar4.png" o="root" g="admin" p="33204"><mod>mode</mod></f><f n="sofar5.png" o="root" g="admin" p="33204"><mod>mode</mod></f><f n="sofar6.png" o="root" g="admin" p="33204"><mod>mode</mod></f><f n="sofar7.png" o="root" g="admin" p="33204"><mod>mode</mod></f><f n="sofar8.png" o="root" g="admin" p="33204"><mod>mode</mod></f><f n="sofar9.png" o="root" g="admin" p="33204"><mod>mode</mod></f><f n="tiny3g.png" o="root" g="admin" p="33277"><mod>mode</mod></f><f n="tinyappletv.png" o="root" g="admin" p="33204"><mod>mode</mod></f><f n="tinycd.png" o="root" g="admin" p="33277"><mod>mode</mod></f><f n="tinydv.png" o="root" g="admin" p="33204"><mod>mode</mod></f><f n="tinyfile.png" o="root" g="admin" p="33204"><mod>mode</mod></f><f n="tinyflac.png" o="root" g="admin" p="33277"><mod>mode</mod></f><f n="tinyflash.png" o="root" g="admin" p="33204"><mod>mode</mod></f><f n="tinyiphone.png" o="root" g="admin" p="33204"><mod>mode</mod></f><f n="tinyipod.png" o="root" g="admin" p="33204"><mod>mode</mod></f><f n="tinyitunesfile.png" o="root" g="admin" p="33277"><mod>mode</mod></f><f n="tinynano.png" o="root" g="admin" p="33204"><mod>mode</mod></f><f n="tinyogg.png" o="root" g="admin" p="33277"><mod>mode</mod></f><f n="tinyps3.png" o="root" g="admin" p="33204"><mod>mode</mod></f><f n="tinypsp.png" o="root" g="admin" p="33204"><mod>mode</mod></f><f n="tinytivo.png" o="root" g="admin" p="33204"><mod>mode</mod></f><f n="tinywav.png" o="root" g="admin" p="33277"><mod>mode</mod></f><f n="tinywii.png" o="root" g="admin" p="33204"><mod>mode</mod></f><f n="tinywma.png" o="root" g="admin" p="33277"><mod>mode</mod></f><f n="tinyxbox360.png" o="root" g="admin" p="33204"><mod>mode</mod></f><f n="tivo.png" o="root" g="admin" p="33204"><mod>mode</mod></f><f n="toolbaraudio.png" o="root" g="admin" p="33277"><mod>mode</mod></f><f n="toolbarinfo.png" o="root" g="admin" p="33277"><mod>mode</mod></f><f n="toolbaroneoff.png" o="root" g="admin" p="33277"><mod>mode</mod></f><f n="topbar.png" o="root" g="admin" p="33277"><mod>mode</mod></f><f n="wav.png" o="root" g="admin" p="33277"><mod>mode</mod></f><f n="wii.png" o="root" g="admin" p="33204"><mod>mode</mod></f><f n="wma.png" o="root" g="admin" p="33277"><mod>mode</mod></f><f n="xbox360.png" o="root" g="admin" p="33204"><mod>mode</mod></f><mod>mode</mod></f><mod>mode</mod></f><mod>group</mod><mod>mode</mod><mod>owner</mod></f></pkg-contents>