<pkgref spec="1.12" uuid="D506AEF4-0FA0-44A1-8AE0-DBE41D06E343"><config><identifier>org.VideoMonkey.VideoMonkey.pkg</identifier><version>1</version><description></description><post-install type="none"/><requireAuthorization/><installFrom relative="true" mod="true" includeRoot="true">build/Release/VideoMonkey.app</installFrom><installTo>/Applications</installTo><flags><followSymbolicLinks/></flags><packageStore type="internal"></packageStore><mod>parent</mod><mod>relocatable</mod><mod>requireAuthorization</mod><mod>installFrom.isRelativeType</mod><mod>identifier</mod></config><contents><file-list>01videomonkey-contents.xml</file-list><filter>/CVS$</filter><filter>/\.svn$</filter><filter>/\.cvsignore$</filter><filter>/\.cvspass$</filter><filter>/\.DS_Store$</filter></contents></pkgref>