<pkmkdoc spec="1.12"><properties><title>VideoMonkey</title><build>/Users/cmarrin/Projects/svn/videomonkey/trunk/VideoMonkey.pkg</build><organization>org.videomonkey</organization><userSees ui="easy"/><min-target os="3"/><domain anywhere="true"/></properties><distribution><versions min-spec="1.000000"/><scripts></scripts></distribution><contents><choice title="VideoMonkey" id="choice7" starts_selected="true" starts_enabled="true" starts_hidden="false"><pkgref id="org.VideoMonkey.VideoMonkey.pkg"/></choice></contents><resources bg-scale="none" bg-align="bottomleft"><locale lang="en"><resource relative="true" mod="true" type="background">assets/VideoMonkeyWatermark.jpg</resource></locale></resources><requirements><requirement id="kilo" operator="gt" value="33"/></requirements><flags/><item type="file">01videomonkey.xml</item><mod>properties.customizeOption</mod><mod>properties.userDomain</mod><mod>properties.title</mod><mod>properties.systemDomain</mod><mod>properties.anywhereDomain</mod></pkmkdoc>