<?xml version="1.0" encoding="UTF-8"?><feed xmlns="http://www.w3.org/2005/Atom"><id>urn:iweb:198202F2-71C2-47BE-8DF6-BF561FC5333F</id><title>Page list Atom feed</title><updated>2008-11-08T13:54:33-08:00</updated><link rel="self" href="feed.xml"/><generator>iWeb</generator><author><name>iWeb</name></author><entry><id>urn:iweb:E3B2AD55-0FBF-468C-8394-47F2A9C7A5B3</id><title>About</title><title xmlns="urn:iweb:">About</title><in-navbar xmlns="urn:iweb:">E3B2AD55-0FBF-468C-8394-47F2A9C7A5B3</in-navbar><link rel="alternate" href="About.html"/><updated>2008-11-08T13:54:33.001-08:00</updated><content>About</content></entry><entry><id>urn:iweb:E22A730B-BD19-425A-9EBC-78CFCF596AC9</id><title>News</title><title xmlns="urn:iweb:">News</title><in-navbar xmlns="urn:iweb:">E22A730B-BD19-425A-9EBC-78CFCF596AC9</in-navbar><link rel="alternate" href="News/News.html"/><updated>2005-09-20T18:08:38-07:00</updated><content>News</content></entry></feed>